temperature,top_p,BLEU,BERTScore,Best Answer,query_id
0.1,0.5,0.04886035001364275,0.8616694808006287,"Answer: Yes, the Confrontation Clause applies to capital sentencing hearings, and its application has implications for the admissibility of testimony.

Reasoning: The Confrontation Clause, as established in the Sixth Amendment, guarantees a defendant's right to confront witnesses against them. This right is not limited to the guilt phase of a trial but also extends to the sentencing phase, including capital sentencing hearings. In the context of capital sentencing, the Confrontation Clause ensures that a defendant has the opportunity to confront and cross-examine witnesses who provide testimony that may influence the sentencing decision. This means that testimonial statements, such as those from forensic experts or other witnesses, may be subject to confrontation and cross-examination at the sentencing hearing. If the testimony is deemed inadmissible under the Confrontation Clause, it may not be considered by the sentencing authority, potentially affecting the outcome of the sentencing decision. (Context 2, 3, and 10)",llama3_gen_q005
0.1,0.7,0.0504369930569748,0.8615812063217163,"Answer: Yes, the Confrontation Clause applies to capital sentencing hearings, and its application has implications for the admissibility of testimony.

Reasoning: The Confrontation Clause, as established in the Sixth Amendment, guarantees a defendant's right to confront witnesses against them. This right is not limited to the guilt phase of a trial but also extends to the sentencing phase, including capital sentencing hearings. In the context of capital sentencing, the Confrontation Clause ensures that a defendant has the opportunity to confront and cross-examine witnesses who provide testimony that may influence the sentencing decision. This means that testimonial statements, such as those from forensic experts or other witnesses, may be subject to confrontation and cross-examination at the sentencing hearing. If the Confrontation Clause is violated, the testimony may be deemed inadmissible, potentially affecting the outcome of the sentencing decision. (Context 2, 3, and 6)",llama3_gen_q005
0.1,0.9,0.0707464921410162,0.8635796308517456,"Answer: Yes, the Confrontation Clause applies to capital sentencing hearings, and its application has implications for the admissibility of testimony.

Reasoning: The Confrontation Clause, as established in the Sixth Amendment, guarantees a defendant's right to confront witnesses against them. This right is not limited to the guilt phase of a trial but also extends to the sentencing phase, including capital sentencing hearings. In the context of capital sentencing, the Confrontation Clause ensures that a defendant has the opportunity to confront and cross-examine witnesses who provide testimony that may influence the sentencing decision. This means that the prosecution must present live testimony from witnesses, rather than relying on out-of-court statements or hearsay evidence, to establish the facts necessary to support a death sentence. The application of the Confrontation Clause in capital sentencing hearings thus limits the admissibility of certain types of testimony and ensures that a defendant's right to confrontation is protected throughout the entire trial process.",llama3_gen_q005
0.3,0.5,0.044434132161074516,0.8630828857421875,"Answer: Yes, the Confrontation Clause applies to capital sentencing hearings, and its application has implications for the admissibility of testimony.

Reasoning: The Confrontation Clause, as established in the Sixth Amendment, guarantees a defendant's right to confront witnesses against them. This right is not limited to the guilt phase of a trial but also extends to the sentencing phase, including capital sentencing hearings. In the context of capital sentencing, the Confrontation Clause ensures that a defendant has the opportunity to confront and cross-examine witnesses who provide testimony that may influence the sentencing decision. This means that the prosecution must present live testimony from witnesses, and the defendant has the right to challenge the credibility and reliability of that testimony. The implications of this are that the admissibility of testimony in capital sentencing hearings is subject to the same Confrontation Clause requirements as in the guilt phase, and the prosecution must ensure that the testimony is reliable and that the defendant has a meaningful opportunity to confront the witnesses.",llama3_gen_q005
0.3,0.7,0.0,0.851876974105835,"Answer: Yes, the Confrontation Clause applies to capital sentencing hearings, and its implications for the admissibility of testimony are that testimonial hearsay statements are inadmissible unless the declarant is unavailable and the defendant had a prior opportunity to cross-examine them.

Reasoning: The Confrontation Clause, as established in Crawford v. Washington (2004), guarantees a defendant's right to confront witnesses against them in criminal proceedings. This right extends to capital sentencing hearings, as the Supreme Court has held that the Clause applies to all criminal proceedings, including sentencing (see, e.g., Williams v. Illinois, 2012). At a capital sentencing hearing, the prosecution may seek to introduce testimonial hearsay statements, such as statements from witnesses who are not available to testify in person. However, under the Confrontation Clause, such statements are inadmissible unless the declarant is unavailable and the defendant had a prior opportunity to cross-examine them. This ensures that the defendant's right to confrontation is protected, even in the context of capital sentencing.",llama3_gen_q005
0.3,0.9,0.08533151103438891,0.8651075959205627,"Answer: Yes, the Confrontation Clause applies to capital sentencing hearings, and its application has implications for the admissibility of testimony.

Reasoning: The Confrontation Clause, as established in the Sixth Amendment, guarantees a defendant's right to confront witnesses against them. In the context of capital sentencing hearings, this right is not limited to the guilt phase but also extends to the penalty phase. The Supreme Court has held that the Confrontation Clause applies to capital sentencing hearings, and therefore, testimonial statements offered against a defendant during the penalty phase must comply with the Confrontation Clause (Crawford v. Washington, 541 U.S. 36, 2004). This means that the prosecution cannot introduce testimonial statements, such as lab reports or expert opinions, without providing the defendant an opportunity to cross-examine the declarant. The implications of this are that the admissibility of testimony during capital sentencing hearings is subject to the same Confrontation Clause scrutiny as during the guilt phase, ensuring that the defendant's right to confrontation is protected throughout the entire trial process.",llama3_gen_q005
0.5,0.5,0.0703827449125404,0.8651652932167053,"Answer: Yes, the Confrontation Clause applies to capital sentencing hearings, and its application has implications for the admissibility of testimony.

Reasoning: The Confrontation Clause, as established in the Sixth Amendment, guarantees a defendant's right to confront witnesses against them. This right is not limited to the guilt phase of a trial but also extends to the sentencing phase, including capital sentencing hearings. In the context of capital sentencing, the Confrontation Clause ensures that a defendant has the opportunity to confront and cross-examine witnesses who provide testimony that may influence the sentencing decision. This means that testimony from witnesses, including experts, must be subject to cross-examination and scrutiny to ensure the reliability and accuracy of the evidence presented. The application of the Confrontation Clause in capital sentencing hearings has significant implications for the admissibility of testimony, as it may limit the use of hearsay evidence or untested expert opinions that could potentially influence the sentencing decision.",llama3_gen_q005
0.5,0.7,0.04739410823204521,0.8610698580741882,"Answer: Yes, the Confrontation Clause applies to capital sentencing hearings, and its application has significant implications for the admissibility of testimony.

Reasoning: The Confrontation Clause, as established in the Sixth Amendment, guarantees a defendant's right to confront witnesses against them. This right is not limited to the guilt phase of a trial but also extends to the sentencing phase, including capital sentencing hearings. In the context of capital sentencing, the Confrontation Clause ensures that a defendant has the opportunity to confront and cross-examine witnesses who provide testimony that may influence the sentencing decision. This means that testimonial statements, such as those from forensic experts or other witnesses, may be subject to confrontation and cross-examination at the sentencing hearing. If the Confrontation Clause is violated, the testimony may be deemed inadmissible, potentially affecting the outcome of the sentencing decision. (Context 2, Context 3, and Context 6 provide relevant information on the Confrontation Clause and its application.)",llama3_gen_q005
0.5,0.9,0.07082154089135029,0.8563793301582336,"Answer: Yes, the Confrontation Clause applies to capital sentencing hearings, and its implications for the admissibility of testimony are that the defendant has the right to confront and cross-examine witnesses who provide testimony that is used to determine their sentence.

Reasoning: The Confrontation Clause, as established in the Sixth Amendment, guarantees a defendant's right to confront the witnesses against them. This right is not limited to the guilt phase of a trial but also extends to the sentencing phase, including capital sentencing hearings. In the context of capital sentencing, the Confrontation Clause ensures that the defendant has the opportunity to confront and cross-examine witnesses who provide testimony that may influence the jury's decision on the sentence. This is particularly important in capital cases, where the sentence may be death. The Supreme Court has consistently held that the Confrontation Clause applies to capital sentencing hearings, and that the admission of testimonial evidence without the opportunity for cross-examination violates the defendant's constitutional rights (e.g., Crawford v. Washington, 541 U.S. 36 (2004); Melendez-Diaz v. Massachusetts, 557 U.S. 305 (2009)).",llama3_gen_q005
0.7,0.5,0.06779362131641671,0.865462601184845,"Answer: Yes, the Confrontation Clause applies to capital sentencing hearings, and its application has implications for the admissibility of testimony.

Reasoning: The Confrontation Clause, as established in the Sixth Amendment, guarantees a defendant's right to confront witnesses against them. This right is not limited to the guilt phase of a trial but also extends to the sentencing phase, including capital sentencing hearings. In the context of capital sentencing, the Confrontation Clause ensures that a defendant has the opportunity to confront and cross-examine witnesses who provide testimony that may influence the sentencing decision. This means that testimony from witnesses, including experts, must be subject to cross-examination and scrutiny to ensure the reliability and accuracy of the evidence presented. The application of the Confrontation Clause in capital sentencing hearings has significant implications for the admissibility of testimony, as it may limit the types of evidence that can be presented and require a more rigorous evaluation of the reliability of witness testimony.",llama3_gen_q005
0.7,0.7,0.06927197066322427,0.8547378182411194,"Answer: Yes, the Confrontation Clause applies to capital sentencing hearings, and its application has significant implications for the admissibility of testimony.

Reasoning: The Confrontation Clause, as established in the Sixth Amendment, guarantees a defendant's right to confront witnesses against them. In the context of capital sentencing hearings, this right is particularly crucial, as the testimony presented can have a direct impact on the defendant's life or death. The Supreme Court has consistently held that the Confrontation Clause applies to capital sentencing hearings, emphasizing the importance of ensuring that defendants have the opportunity to confront and cross-examine witnesses who provide testimony that may influence the sentencing decision (e.g., Crawford v. Washington, 541 U.S. 36 (2004); Melendez-Diaz v. Massachusetts, 557 U.S. 305 (2009)). This means that testimony presented during capital sentencing hearings must comply with the Confrontation Clause's requirements, including the right to confront and cross-examine witnesses, to ensure the defendant's constitutional rights are protected.",llama3_gen_q005
0.7,0.9,0.06604751123744154,0.8569349050521851,"Answer: Yes, the Confrontation Clause applies to capital sentencing hearings, and its application has significant implications for the admissibility of testimony.

Reasoning: The Confrontation Clause, as established in the Sixth Amendment, guarantees a defendant's right to confront witnesses against them. In the context of capital sentencing hearings, this right is particularly crucial, as the testimony presented can have a direct impact on the defendant's life or death. The Supreme Court has consistently held that the Confrontation Clause applies to capital sentencing hearings, emphasizing the importance of ensuring that defendants have the opportunity to confront and cross-examine witnesses who provide testimony that may influence the sentencing decision (e.g., Crawford v. Washington, 541 U.S. 36 (2004); Melendez-Diaz v. Massachusetts, 557 U.S. 305 (2009)). As a result, the admissibility of testimony in capital sentencing hearings is subject to the Confrontation Clause's requirements, and courts must carefully consider the reliability and admissibility of such testimony to ensure that defendants' rights are protected.",llama3_gen_q005
